Population,ID,ChromForm,Karyotype,2Ra,2Rs,3Ra,3Rb,3La
Sabtenga,02-07119,Folonzo,10220,1,0,2,2,0
Kuiti,00-01522,Kiribina,01000,0,1,0,0,0
Koubri,00-03530,Folonzo,10220,1,0,2,2,0
Koubri,00-01481,Kiribina,00000,0,0,0,0,0
Ividie,02-06477,Kiribina,00101,0,0,1,0,1
Dirze,02-07231,Kiribina,00000,0,0,0,0,0
Kuiti,00-01397,Kiribina,01000,0,1,0,0,0
Vi,02-06681,Folonzo,NN21N,N,N,2,1,N
La,02-07687,Folonzo,NN2NN,N,N,2,N,N
Pehele,02-05622,Kiribina,00000,0,0,0,0,0
Bagre,02-07329,Kiribina,00000,0,0,0,0,0
Siby,02-06439,Kiribina,00000,0,0,0,0,0
La,02-07709,Folonzo,20220,2,0,2,2,0
Kuiti,00-01528,Kiribina,00000,0,0,0,0,0
Kuiti,02-06213,Kiribina,00000,0,0,0,0,0
Kuiti,00-01396,Kiribina,00000,0,0,0,0,0
Koubri,00-03541,Folonzo,10110,1,0,1,1,0
Pehele,02-05628,Kiribina,00100,0,0,1,0,0
Koubri,00-01490,Folonzo,NN11N,N,N,1,1,N
Kuiti,00-01518,Kiribina,00000,0,0,0,0,0
Koubri,01-04358,Folonzo,00111,0,0,1,1,1
Kuiti,00-03426,Folonzo,10210,1,0,2,1,0
Pehele,02-05666,Folonzo,002N0,0,0,2,N,0
Koubri,00-01433,Kiribina,00000,0,0,0,0,0
Kuiti,00-01398,Kiribina,00000,0,0,0,0,0
Koubri,00-01426,Kiribina,0000N,0,0,0,0,N
Kuiti,00-01523,Kiribina,00000,0,0,0,0,0
Ipendo,01-05798,Kiribina,00000,0,0,0,0,0
La,02-07745,Folonzo,NN21N,N,N,2,1,N
Dirze,02-07299,Kiribina,00000,0,0,0,0,0
Sabtenga,02-07108,Folonzo,10220,1,0,2,2,0
Kuiti,02-06223,Folonzo,20221,2,0,2,2,1
Dirze,02-07029,Kiribina,00000,0,0,0,0,0
Koubri,00-01631,Kiribina,00000,0,0,0,0,0
Bagre,02-07350,Kiribina,00000,0,0,0,0,0
Sabtenga,02-07195,Folonzo,20220,2,0,2,2,0
Pehele,02-06377,Folonzo,00210,0,0,2,1,0
Bagre,02-07327,Kiribina,01000,0,1,0,0,0
Ividie,02-06649,Kiribina,00000,0,0,0,0,0
La,02-07553,Folonzo,10210,1,0,2,1,0
Kuiti,02-06217,Kiribina,00100,0,0,1,0,0
Kuiti,02-06212,Folonzo,10210,1,0,2,1,0
Koubri,00-01630,Kiribina,00000,0,0,0,0,0
Pehele,02-05656,Kiribina,00000,0,0,0,0,0
Pehele,02-06345,Kiribina,00000,0,0,0,0,0
Vi,02-06871,Folonzo,1020N,1,0,2,0,N
Ipendo,01-06387,Folonzo,10110,1,0,1,1,0
Vi,02-06861,Kiribina,00000,0,0,0,0,0
Sabtenga,02-07111,Folonzo,NN21N,N,N,2,1,N
Pehele,02-06409,Kiribina,00000,0,0,0,0,0
La,02-07539,Folonzo,NN221,N,N,2,2,1
Kuiti,00-01525,Kiribina,00000,0,0,0,0,0
Sabtenga,02-07106,Folonzo,20120,2,0,1,2,0
Koubri,00-01488,Kiribina,00100,0,0,1,0,0
Bagre,02-07358,Kiribina,00000,0,0,0,0,0
La,02-07526,Folonzo,00200,0,0,2,0,0
Dirze,02-07223,Kiribina,00000,0,0,0,0,0
Pehele,02-06381,Kiribina,00000,0,0,0,0,0
Vi,02-06837,Folonzo,00220,0,0,2,2,0
Pehele,02-05664,Kiribina,00100,0,0,1,0,0
Kuiti,00-01332,Kiribina,00000,0,0,0,0,0
Pehele,02-05660,Kiribina,00000,0,0,0,0,0
Koubri,00-01616,Kiribina,00000,0,0,0,0,0
Koubri,00-01606,Kiribina,01000,0,1,0,0,0
Kuiti,02-06222,Kiribina,00000,0,0,0,0,0
Kuiti,00-03773,Folonzo,NN210,N,N,2,1,0
Ipendo,01-05791,Kiribina,00000,0,0,0,0,0
Kuiti,00-04373,Folonzo,20210,2,0,2,1,0
Pehele,02-06363,Folonzo,20100,2,0,1,0,0
Kuiti,00-01516,Kiribina,00000,0,0,0,0,0
Bagre,02-07397,Kiribina,00000,0,0,0,0,0
Koubri,00-01612,Folonzo,01110,0,1,1,1,0
Kuiti,00-01399,Kiribina,00000,0,0,0,0,0
Kuiti,00-01334,Kiribina,00000,0,0,0,0,0
Sabtenga,02-07104,Folonzo,00211,0,0,2,1,1
Koubri,01-04360,Kiribina,00000,0,0,0,0,0
Sabtenga,02-07199,Folonzo,0021N,0,0,2,1,N
Sabtenga,02-07110,Folonzo,10220,1,0,2,2,0
Koubri,00-01482,Kiribina,00000,0,0,0,0,0
Vi,02-06851,Folonzo,20210,2,0,2,1,0
Koubri,00-01432,Folonzo,NN200,N,N,2,0,0
Sabtenga,02-07133,Kiribina,01000,0,1,0,0,0
Kuiti,00-03385,Folonzo,NN210,N,N,2,1,0
Koubri,00-01456,Folonzo,00110,0,0,1,1,0
Vi,02-06859,Folonzo,20200,2,0,2,0,0
Sabtenga,02-07125,Folonzo,20221,2,0,2,2,1
Pehele,02-05624,Folonzo,20210,2,0,2,1,0
Kuiti,00-01526,Folonzo,20210,2,0,2,1,0
Vi,02-06847,Kiribina,0000N,0,0,0,0,N
Dirze,02-07053,Kiribina,00000,0,0,0,0,0
Dirze,02-07079,Kiribina,00000,0,0,0,0,0
Kuiti,00-01527,Kiribina,00000,0,0,0,0,0
Koubri,00-01434,Kiribina,01100,0,1,1,0,0
Dirze,02-07217,Kiribina,00000,0,0,0,0,0
Kuiti,00-04455,Folonzo,10220,1,0,2,2,0
Pehele,02-06339,Kiribina,01000,0,1,0,0,0
Vi,02-06821,Kiribina,0001N,0,0,0,1,N
Pehele,02-05640,Folonzo,0020N,0,0,2,0,N
Koubri,00-01611,Kiribina,00000,0,0,0,0,0
Dirze,02-06905,Kiribina,00000,0,0,0,0,0
Koubri,00-01607,Kiribina,00000,0,0,0,0,0
Pehele,02-05632,Kiribina,00000,0,0,0,0,0
Koubri,00-01459,Kiribina,00000,0,0,0,0,0
Koubri,00-01455,Kiribina,02100,0,2,1,0,0
Kuiti,00-03776,Folonzo,20210,2,0,2,1,0
Vi,02-06825,Folonzo,NN2NN,N,N,2,N,N
Sabtenga,02-07107,Folonzo,1011N,1,0,1,1,N
La,02-07747,Folonzo,10110,1,0,1,1,0
Vi,02-06845,Folonzo,NN22N,N,N,2,2,N
Vi,02-06809,Folonzo,20200,2,0,2,0,0
Kuiti,02-06209,Folonzo,10220,1,0,2,2,0
Koubri,01-04359,Kiribina,00000,0,0,0,0,0
Vi,02-06857,Folonzo,10210,1,0,2,1,0
Bagre,02-07344,Kiribina,00000,0,0,0,0,0
Dirze,02-06949,Kiribina,00000,0,0,0,0,0
Ipendo,01-06389,Folonzo,20210,2,0,2,1,0
Ipendo,01-06375,Folonzo,10220,1,0,2,2,0
Pehele,02-06365,Kiribina,00000,0,0,0,0,0
Vi,02-06873,Folonzo,1020N,1,0,2,0,N
Dirze,02-06753,Kiribina,00000,0,0,0,0,0
Koubri,01-04357,Kiribina,00000,0,0,0,0,0
Pehele,02-06371,Kiribina,00000,0,0,0,0,0
Dirze,02-06915,Kiribina,00000,0,0,0,0,0
Vi,02-06817,Folonzo,20220,2,0,2,2,0
Pehele,02-06353,Kiribina,0000N,0,0,0,0,N
Kuiti,00-03666,Folonzo,00120,0,0,1,2,0
Sabtenga,02-07101,Folonzo,10210,1,0,2,1,0
La,02-07529,Folonzo,00200,0,0,2,0,0
Koubri,00-03830,Folonzo,10120,1,0,1,2,0
Dirze,02-06897,Kiribina,00000,0,0,0,0,0
Bagre,02-07343,Kiribina,00000,0,0,0,0,0
Pehele,02-05630,Kiribina,00000,0,0,0,0,0
Kuiti,00-01520,Kiribina,01000,0,1,0,0,0
Bagre,02-07373,Kiribina,00000,0,0,0,0,0
Vi,02-06801,Kiribina,00000,0,0,0,0,0
La,02-07537,Folonzo,20220,2,0,2,2,0
Dirze,02-07095,Kiribina,00000,0,0,0,0,0
Dirze,02-07293,Kiribina,00000,0,0,0,0,0
Pehele,02-05652,Folonzo,NN200,N,N,2,0,0
Koubri,00-01401,Kiribina,00000,0,0,0,0,0
La,02-07544,Folonzo,00210,0,0,2,1,0
Koubri,00-01613,Kiribina,00000,0,0,0,0,0
Kuiti,00-04366,Folonzo,00220,0,0,2,2,0
Koubri,00-01435,Folonzo,10200,1,0,2,0,0
Bagre,02-07365,Kiribina,01000,0,1,0,0,0
Pehele,02-05670,Folonzo,10100,1,0,1,0,0
La,02-07557,Folonzo,NN2NN,N,N,2,N,N
Koubri,00-01457,Kiribina,00000,0,0,0,0,0
Koubri,00-01431,Kiribina,00000,0,0,0,0,0
Bagre,02-07346,Kiribina,00000,0,0,0,0,0
Sabtenga,02-07146,Folonzo,20220,2,0,2,2,0
Bagre,02-07363,Kiribina,00000,0,0,0,0,0
La,02-07703,Folonzo,10220,1,0,2,2,0
Bagre,02-07341,Kiribina,0000N,0,0,0,0,N
Ipendo,01-05793,Folonzo,00210,0,0,2,1,0
Kuiti,00-01519,Kiribina,00000,0,0,0,0,0
La,02-07549,Folonzo,2022N,2,0,2,2,N
Bagre,02-07361,Kiribina,01000,0,1,0,0,0
Kuiti,02-06221,Kiribina,00000,0,0,0,0,0
Koubri,01-04362,Folonzo,NN210,N,N,2,1,0
Kuiti,00-01331,Kiribina,00000,0,0,0,0,0
Vi,02-06855,Folonzo,10120,1,0,1,2,0
Bagre,02-07391,Kiribina,00000,0,0,0,0,0
Kuiti,00-01517,Kiribina,00000,0,0,0,0,0
Sabtenga,02-07112,Folonzo,10210,1,0,2,1,0
Sabtenga,02-07193,Folonzo,00110,0,0,1,1,0
Vi,02-06849,Kiribina,00000,0,0,0,0,0
Koubri,00-01422,Kiribina,00000,0,0,0,0,0
La,02-07580,Folonzo,10210,1,0,2,1,0
Kuiti,00-03777,Kiribina,00000,0,0,0,0,0
Vi,02-06695,Kiribina,0100N,0,1,0,0,N
Koubri,00-03544,Folonzo,20200,2,0,2,0,0
Vi,02-06673,Folonzo,NN2NN,N,N,2,N,N
Sabtenga,02-07145,Folonzo,NN220,N,N,2,2,0
Ipendo,01-06373,Folonzo,20220,2,0,2,2,0
Dirze,02-07241,Kiribina,01000,0,1,0,0,0
Vi,02-06839,Folonzo,20211,2,0,2,1,1
Kuiti,00-04003,Folonzo,20210,2,0,2,1,0
Vi,02-06829,Folonzo,20221,2,0,2,2,1
Bagre,02-07351,Kiribina,00000,0,0,0,0,0
Pehele,02-06394,Folonzo,NN220,N,N,2,2,0
Koubri,00-01421,Folonzo,10200,1,0,2,0,0
Pehele,02-06341,Folonzo,2021N,2,0,2,1,N
Kuiti,02-06207,Folonzo,00210,0,0,2,1,0
Koubri,00-01413,Kiribina,00000,0,0,0,0,0
Pehele,02-05634,Kiribina,00000,0,0,0,0,0
La,02-07675,Folonzo,10200,1,0,2,0,0
